{"cameraMode":{"drawMode":0,"name":"Shaded","section":"Shading Mode"},"sceneLighting":true,"audioPlay":false,"sceneViewState":{"showFog":true,"showMaterialUpdate":true,"showSkybox":true,"showFlares":true,"showImageEffects":true,"showParticleSystems":true},"in2DMode":false,"pivot":{"x":21.88135528564453,"y":1.0,"z":31.370529174804689},"rotation":{"x":-0.1383119821548462,"y":-0.12090616673231125,"z":0.017014868557453157,"w":-0.9828338027000427},"size":15.531183242797852,"orthographic":false}